{"id":100224,"domain":"sandbox5stage.cp-access.com/johng1","includeSubdomains":2,"divisionId":446,"siteNoticeThemeId":10349,"consentToolThemeId":22,"consentDisplayTypeId":1,"countries":[{"id":2241394,"countryId":19,"regulationConsentTypeId":1,"consentTypeId":3,"privacyAccessTypeId":2,"default":true,"defaultTranslationId":0,"consentRequired":true,"consentDurationMonths":13,"closeConsentEnabled":false,"scrollConsentEnabled":false,"pageclickConsentEnabled":false,"navigateConsentEnabled":false,"l2Enabled":true,"iabEnabled":false,"pubvendorsLink":null,"gdprEnabled":false,"adChoicesEnabled":false,"dataRightsType":0,"dataRightsLink":null,"dataRightsFormEmail":null,"dataRightsDisplayFrame":false,"autoPopEnabled":true,"autoPopThreshold":0,"scanGroupId":320384,"scanCountryId":6,"privacyPolicyLink":null,"consentDetailCategories":true,"consentDetailVendors":false,"regulationId":0,"stateId":null,"privacyPolicyEnabled":false,"cookiePolicyEnabled":false,"cookiePolicyLink":"","vendorDisplayEnabled":true,"dnsEnabled":false,"dnsRightsType":0,"dnsRightsLink":"","dnsRightsFormEmail":"","dnsDisplayFrame":false,"enableAcceptButton":true,"enableDeclineButton":false,"enableOptionsButton":true,"cnilUpdatesEnabled":false,"displayTimeout":0,"vendors":[{"id":0,"vendorId":250,"category":"advertiser","required":false,"doNotRemove":true,"name":"Microsoft"}],"cookies":[{"id":888690,"name":"Test1","description":"Test","required":true,"optOut":"my.host.com","host":"my.host.com","duration":180,"category":"First Party"},{"id":888691,"name":"Test 2","description":"Test 2","required":true,"optOut":"","host":"my.host2.com","duration":180,"category":"First Party"}],"name":"Austria","geonameId":"2782113","gpcEnabled":false,"regulationRightsId":2},{"id":2241395,"countryId":144,"regulationConsentTypeId":1,"consentTypeId":3,"privacyAccessTypeId":2,"default":false,"defaultTranslationId":0,"consentRequired":true,"consentDurationMonths":13,"closeConsentEnabled":false,"scrollConsentEnabled":false,"pageclickConsentEnabled":false,"navigateConsentEnabled":false,"l2Enabled":false,"iabEnabled":false,"pubvendorsLink":null,"gdprEnabled":false,"adChoicesEnabled":false,"dataRightsType":0,"dataRightsLink":null,"dataRightsFormEmail":null,"dataRightsDisplayFrame":false,"autoPopEnabled":true,"autoPopThreshold":0,"scanGroupId":320384,"scanCountryId":6,"privacyPolicyLink":null,"consentDetailCategories":true,"consentDetailVendors":false,"regulationId":0,"stateId":null,"privacyPolicyEnabled":false,"cookiePolicyEnabled":false,"cookiePolicyLink":"","vendorDisplayEnabled":true,"dnsEnabled":false,"dnsRightsType":0,"dnsRightsLink":"","dnsRightsFormEmail":"","dnsDisplayFrame":false,"enableAcceptButton":true,"enableDeclineButton":false,"enableOptionsButton":true,"cnilUpdatesEnabled":false,"displayTimeout":0,"vendors":[{"id":0,"vendorId":250,"category":"advertiser","required":false,"doNotRemove":true,"name":"Microsoft"}],"cookies":[{"id":888692,"name":"Test1","description":"Test","required":true,"optOut":"my.host.com","host":"my.host.com","duration":180,"category":"First Party"},{"id":888693,"name":"Test 2","description":"Test 2","required":true,"optOut":"","host":"my.host2.com","duration":180,"category":"First Party"}],"name":"Belarus","geonameId":"630336","gpcEnabled":false,"regulationRightsId":2},{"id":2241396,"countryId":20,"regulationConsentTypeId":1,"consentTypeId":3,"privacyAccessTypeId":2,"default":false,"defaultTranslationId":0,"consentRequired":true,"consentDurationMonths":13,"closeConsentEnabled":false,"scrollConsentEnabled":false,"pageclickConsentEnabled":false,"navigateConsentEnabled":false,"l2Enabled":true,"iabEnabled":false,"pubvendorsLink":null,"gdprEnabled":false,"adChoicesEnabled":false,"dataRightsType":0,"dataRightsLink":null,"dataRightsFormEmail":null,"dataRightsDisplayFrame":false,"autoPopEnabled":true,"autoPopThreshold":0,"scanGroupId":320384,"scanCountryId":6,"privacyPolicyLink":null,"consentDetailCategories":true,"consentDetailVendors":false,"regulationId":0,"stateId":null,"privacyPolicyEnabled":false,"cookiePolicyEnabled":false,"cookiePolicyLink":"","vendorDisplayEnabled":true,"dnsEnabled":false,"dnsRightsType":0,"dnsRightsLink":"","dnsRightsFormEmail":"","dnsDisplayFrame":false,"enableAcceptButton":true,"enableDeclineButton":false,"enableOptionsButton":true,"cnilUpdatesEnabled":false,"displayTimeout":0,"vendors":[{"id":0,"vendorId":250,"category":"advertiser","required":false,"doNotRemove":true,"name":"Microsoft"}],"cookies":[{"id":888694,"name":"Test1","description":"Test","required":true,"optOut":"my.host.com","host":"my.host.com","duration":180,"category":"First Party"},{"id":888695,"name":"Test 2","description":"Test 2","required":true,"optOut":"","host":"my.host2.com","duration":180,"category":"First Party"}],"name":"Belgium","geonameId":"2802361","gpcEnabled":false,"regulationRightsId":2},{"id":2241397,"countryId":30,"regulationConsentTypeId":1,"consentTypeId":3,"privacyAccessTypeId":2,"default":false,"defaultTranslationId":0,"consentRequired":true,"consentDurationMonths":13,"closeConsentEnabled":false,"scrollConsentEnabled":false,"pageclickConsentEnabled":false,"navigateConsentEnabled":false,"l2Enabled":true,"iabEnabled":false,"pubvendorsLink":null,"gdprEnabled":false,"adChoicesEnabled":false,"dataRightsType":0,"dataRightsLink":null,"dataRightsFormEmail":null,"dataRightsDisplayFrame":false,"autoPopEnabled":true,"autoPopThreshold":0,"scanGroupId":320384,"scanCountryId":6,"privacyPolicyLink":null,"consentDetailCategories":true,"consentDetailVendors":false,"regulationId":0,"stateId":null,"privacyPolicyEnabled":false,"cookiePolicyEnabled":false,"cookiePolicyLink":"","vendorDisplayEnabled":true,"dnsEnabled":false,"dnsRightsType":0,"dnsRightsLink":"","dnsRightsFormEmail":"","dnsDisplayFrame":false,"enableAcceptButton":true,"enableDeclineButton":false,"enableOptionsButton":true,"cnilUpdatesEnabled":false,"displayTimeout":0,"vendors":[{"id":0,"vendorId":250,"category":"advertiser","required":false,"doNotRemove":true,"name":"Microsoft"}],"cookies":[{"id":888696,"name":"Test1","description":"Test","required":true,"optOut":"my.host.com","host":"my.host.com","duration":180,"category":"First Party"},{"id":888697,"name":"Test 2","description":"Test 2","required":true,"optOut":"","host":"my.host2.com","duration":180,"category":"First Party"}],"name":"Bulgaria","geonameId":"732800","gpcEnabled":false,"regulationRightsId":2},{"id":2241398,"countryId":61,"regulationConsentTypeId":1,"consentTypeId":3,"privacyAccessTypeId":2,"default":false,"defaultTranslationId":0,"consentRequired":true,"consentDurationMonths":13,"closeConsentEnabled":false,"scrollConsentEnabled":false,"pageclickConsentEnabled":false,"navigateConsentEnabled":false,"l2Enabled":true,"iabEnabled":false,"pubvendorsLink":null,"gdprEnabled":false,"adChoicesEnabled":false,"dataRightsType":0,"dataRightsLink":null,"dataRightsFormEmail":null,"dataRightsDisplayFrame":false,"autoPopEnabled":true,"autoPopThreshold":0,"scanGroupId":320384,"scanCountryId":6,"privacyPolicyLink":null,"consentDetailCategories":true,"consentDetailVendors":false,"regulationId":0,"stateId":null,"privacyPolicyEnabled":false,"cookiePolicyEnabled":false,"cookiePolicyLink":"","vendorDisplayEnabled":true,"dnsEnabled":false,"dnsRightsType":0,"dnsRightsLink":"","dnsRightsFormEmail":"","dnsDisplayFrame":false,"enableAcceptButton":true,"enableDeclineButton":false,"enableOptionsButton":true,"cnilUpdatesEnabled":false,"displayTimeout":0,"vendors":[{"id":0,"vendorId":250,"category":"advertiser","required":false,"doNotRemove":true,"name":"Microsoft"}],"cookies":[{"id":888698,"name":"Test1","description":"Test","required":true,"optOut":"my.host.com","host":"my.host.com","duration":180,"category":"First Party"},{"id":888699,"name":"Test 2","description":"Test 2","required":true,"optOut":"","host":"my.host2.com","duration":180,"category":"First Party"}],"name":"Croatia","geonameId":"3202326","gpcEnabled":false,"regulationRightsId":2},{"id":2241399,"countryId":37,"regulationConsentTypeId":1,"consentTypeId":3,"privacyAccessTypeId":2,"default":false,"defaultTranslationId":0,"consentRequired":true,"consentDurationMonths":13,"closeConsentEnabled":false,"scrollConsentEnabled":false,"pageclickConsentEnabled":false,"navigateConsentEnabled":false,"l2Enabled":true,"iabEnabled":false,"pubvendorsLink":null,"gdprEnabled":false,"adChoicesEnabled":false,"dataRightsType":0,"dataRightsLink":null,"dataRightsFormEmail":null,"dataRightsDisplayFrame":false,"autoPopEnabled":true,"autoPopThreshold":0,"scanGroupId":320384,"scanCountryId":6,"privacyPolicyLink":null,"consentDetailCategories":true,"consentDetailVendors":false,"regulationId":0,"stateId":null,"privacyPolicyEnabled":false,"cookiePolicyEnabled":false,"cookiePolicyLink":"","vendorDisplayEnabled":true,"dnsEnabled":false,"dnsRightsType":0,"dnsRightsLink":"","dnsRightsFormEmail":"","dnsDisplayFrame":false,"enableAcceptButton":true,"enableDeclineButton":false,"enableOptionsButton":true,"cnilUpdatesEnabled":false,"displayTimeout":0,"vendors":[{"id":0,"vendorId":250,"category":"advertiser","required":false,"doNotRemove":true,"name":"Microsoft"}],"cookies":[{"id":888700,"name":"Test1","description":"Test","required":true,"optOut":"my.host.com","host":"my.host.com","duration":180,"category":"First Party"},{"id":888701,"name":"Test 2","description":"Test 2","required":true,"optOut":"","host":"my.host2.com","duration":180,"category":"First Party"}],"name":"Cyprus","geonameId":"146669","gpcEnabled":false,"regulationRightsId":2},{"id":2241400,"countryId":27,"regulationConsentTypeId":1,"consentTypeId":3,"privacyAccessTypeId":2,"default":false,"defaultTranslationId":0,"consentRequired":true,"consentDurationMonths":13,"closeConsentEnabled":false,"scrollConsentEnabled":false,"pageclickConsentEnabled":false,"navigateConsentEnabled":false,"l2Enabled":true,"iabEnabled":false,"pubvendorsLink":null,"gdprEnabled":false,"adChoicesEnabled":false,"dataRightsType":0,"dataRightsLink":null,"dataRightsFormEmail":null,"dataRightsDisplayFrame":false,"autoPopEnabled":true,"autoPopThreshold":0,"scanGroupId":320384,"scanCountryId":6,"privacyPolicyLink":null,"consentDetailCategories":true,"consentDetailVendors":false,"regulationId":0,"stateId":null,"privacyPolicyEnabled":false,"cookiePolicyEnabled":false,"cookiePolicyLink":"","vendorDisplayEnabled":true,"dnsEnabled":false,"dnsRightsType":0,"dnsRightsLink":"","dnsRightsFormEmail":"","dnsDisplayFrame":false,"enableAcceptButton":true,"enableDeclineButton":false,"enableOptionsButton":true,"cnilUpdatesEnabled":false,"displayTimeout":0,"vendors":[{"id":0,"vendorId":250,"category":"advertiser","required":false,"doNotRemove":true,"name":"Microsoft"}],"cookies":[{"id":888702,"name":"Test1","description":"Test","required":true,"optOut":"my.host.com","host":"my.host.com","duration":180,"category":"First Party"},{"id":888703,"name":"Test 2","description":"Test 2","required":true,"optOut":"","host":"my.host2.com","duration":180,"category":"First Party"}],"name":"Czech Republic","geonameId":"3077311","gpcEnabled":false,"regulationRightsId":2},{"id":2241401,"countryId":15,"regulationConsentTypeId":1,"consentTypeId":3,"privacyAccessTypeId":2,"default":false,"defaultTranslationId":0,"consentRequired":true,"consentDurationMonths":13,"closeConsentEnabled":false,"scrollConsentEnabled":false,"pageclickConsentEnabled":false,"navigateConsentEnabled":false,"l2Enabled":true,"iabEnabled":false,"pubvendorsLink":null,"gdprEnabled":false,"adChoicesEnabled":false,"dataRightsType":0,"dataRightsLink":null,"dataRightsFormEmail":null,"dataRightsDisplayFrame":false,"autoPopEnabled":true,"autoPopThreshold":0,"scanGroupId":320384,"scanCountryId":6,"privacyPolicyLink":null,"consentDetailCategories":true,"consentDetailVendors":false,"regulationId":0,"stateId":null,"privacyPolicyEnabled":false,"cookiePolicyEnabled":false,"cookiePolicyLink":"","vendorDisplayEnabled":true,"dnsEnabled":false,"dnsRightsType":0,"dnsRightsLink":"","dnsRightsFormEmail":"","dnsDisplayFrame":false,"enableAcceptButton":true,"enableDeclineButton":false,"enableOptionsButton":true,"cnilUpdatesEnabled":false,"displayTimeout":0,"vendors":[{"id":0,"vendorId":250,"category":"advertiser","required":false,"doNotRemove":true,"name":"Microsoft"}],"cookies":[{"id":888704,"name":"Test1","description":"Test","required":true,"optOut":"my.host.com","host":"my.host.com","duration":180,"category":"First Party"},{"id":888705,"name":"Test 2","description":"Test 2","required":true,"optOut":"","host":"my.host2.com","duration":180,"category":"First Party"}],"name":"Denmark","geonameId":"2623032","gpcEnabled":false,"regulationRightsId":2},{"id":2241402,"countryId":32,"regulationConsentTypeId":1,"consentTypeId":3,"privacyAccessTypeId":2,"default":false,"defaultTranslationId":0,"consentRequired":true,"consentDurationMonths":13,"closeConsentEnabled":false,"scrollConsentEnabled":false,"pageclickConsentEnabled":false,"navigateConsentEnabled":false,"l2Enabled":true,"iabEnabled":false,"pubvendorsLink":null,"gdprEnabled":false,"adChoicesEnabled":false,"dataRightsType":0,"dataRightsLink":null,"dataRightsFormEmail":null,"dataRightsDisplayFrame":false,"autoPopEnabled":true,"autoPopThreshold":0,"scanGroupId":320384,"scanCountryId":6,"privacyPolicyLink":null,"consentDetailCategories":true,"consentDetailVendors":false,"regulationId":0,"stateId":null,"privacyPolicyEnabled":false,"cookiePolicyEnabled":false,"cookiePolicyLink":"","vendorDisplayEnabled":true,"dnsEnabled":false,"dnsRightsType":0,"dnsRightsLink":"","dnsRightsFormEmail":"","dnsDisplayFrame":false,"enableAcceptButton":true,"enableDeclineButton":false,"enableOptionsButton":true,"cnilUpdatesEnabled":false,"displayTimeout":0,"vendors":[{"id":0,"vendorId":250,"category":"advertiser","required":false,"doNotRemove":true,"name":"Microsoft"}],"cookies":[{"id":888706,"name":"Test1","description":"Test","required":true,"optOut":"my.host.com","host":"my.host.com","duration":180,"category":"First Party"},{"id":888707,"name":"Test 2","description":"Test 2","required":true,"optOut":"","host":"my.host2.com","duration":180,"category":"First Party"}],"name":"Estonia","geonameId":"453733","gpcEnabled":false,"regulationRightsId":2},{"id":2241403,"countryId":25,"regulationConsentTypeId":1,"consentTypeId":3,"privacyAccessTypeId":2,"default":false,"defaultTranslationId":0,"consentRequired":true,"consentDurationMonths":13,"closeConsentEnabled":false,"scrollConsentEnabled":false,"pageclickConsentEnabled":false,"navigateConsentEnabled":false,"l2Enabled":true,"iabEnabled":false,"pubvendorsLink":null,"gdprEnabled":false,"adChoicesEnabled":false,"dataRightsType":0,"dataRightsLink":null,"dataRightsFormEmail":null,"dataRightsDisplayFrame":false,"autoPopEnabled":true,"autoPopThreshold":0,"scanGroupId":320384,"scanCountryId":6,"privacyPolicyLink":null,"consentDetailCategories":true,"consentDetailVendors":false,"regulationId":0,"stateId":null,"privacyPolicyEnabled":false,"cookiePolicyEnabled":false,"cookiePolicyLink":"","vendorDisplayEnabled":true,"dnsEnabled":false,"dnsRightsType":0,"dnsRightsLink":"","dnsRightsFormEmail":"","dnsDisplayFrame":false,"enableAcceptButton":true,"enableDeclineButton":false,"enableOptionsButton":true,"cnilUpdatesEnabled":false,"displayTimeout":0,"vendors":[{"id":0,"vendorId":250,"category":"advertiser","required":false,"doNotRemove":true,"name":"Microsoft"}],"cookies":[{"id":888708,"name":"Test1","description":"Test","required":true,"optOut":"my.host.com","host":"my.host.com","duration":180,"category":"First Party"},{"id":888709,"name":"Test 2","description":"Test 2","required":true,"optOut":"","host":"my.host2.com","duration":180,"category":"First Party"}],"name":"Finland","geonameId":"660013","gpcEnabled":false,"regulationRightsId":2},{"id":2241404,"countryId":5,"regulationConsentTypeId":1,"consentTypeId":3,"privacyAccessTypeId":2,"default":false,"defaultTranslationId":0,"consentRequired":true,"consentDurationMonths":13,"closeConsentEnabled":false,"scrollConsentEnabled":false,"pageclickConsentEnabled":false,"navigateConsentEnabled":false,"l2Enabled":true,"iabEnabled":false,"pubvendorsLink":null,"gdprEnabled":false,"adChoicesEnabled":false,"dataRightsType":0,"dataRightsLink":null,"dataRightsFormEmail":null,"dataRightsDisplayFrame":false,"autoPopEnabled":true,"autoPopThreshold":0,"scanGroupId":320384,"scanCountryId":6,"privacyPolicyLink":null,"consentDetailCategories":true,"consentDetailVendors":false,"regulationId":0,"stateId":null,"privacyPolicyEnabled":false,"cookiePolicyEnabled":false,"cookiePolicyLink":"","vendorDisplayEnabled":true,"dnsEnabled":false,"dnsRightsType":0,"dnsRightsLink":"","dnsRightsFormEmail":"","dnsDisplayFrame":false,"enableAcceptButton":true,"enableDeclineButton":false,"enableOptionsButton":true,"cnilUpdatesEnabled":false,"displayTimeout":0,"vendors":[{"id":0,"vendorId":250,"category":"advertiser","required":false,"doNotRemove":true,"name":"Microsoft"}],"cookies":[{"id":888710,"name":"Test1","description":"Test","required":true,"optOut":"my.host.com","host":"my.host.com","duration":180,"category":"First Party"},{"id":888711,"name":"Test 2","description":"Test 2","required":true,"optOut":"","host":"my.host2.com","duration":180,"category":"First Party"}],"name":"France","geonameId":"3017382","gpcEnabled":false,"regulationRightsId":2},{"id":2241405,"countryId":3,"regulationConsentTypeId":1,"consentTypeId":3,"privacyAccessTypeId":2,"default":false,"defaultTranslationId":0,"consentRequired":true,"consentDurationMonths":13,"closeConsentEnabled":false,"scrollConsentEnabled":false,"pageclickConsentEnabled":false,"navigateConsentEnabled":false,"l2Enabled":true,"iabEnabled":false,"pubvendorsLink":null,"gdprEnabled":false,"adChoicesEnabled":false,"dataRightsType":0,"dataRightsLink":null,"dataRightsFormEmail":null,"dataRightsDisplayFrame":false,"autoPopEnabled":true,"autoPopThreshold":0,"scanGroupId":320384,"scanCountryId":6,"privacyPolicyLink":null,"consentDetailCategories":true,"consentDetailVendors":false,"regulationId":0,"stateId":null,"privacyPolicyEnabled":false,"cookiePolicyEnabled":false,"cookiePolicyLink":"","vendorDisplayEnabled":true,"dnsEnabled":false,"dnsRightsType":0,"dnsRightsLink":"","dnsRightsFormEmail":"","dnsDisplayFrame":false,"enableAcceptButton":true,"enableDeclineButton":false,"enableOptionsButton":true,"cnilUpdatesEnabled":false,"displayTimeout":0,"vendors":[{"id":0,"vendorId":250,"category":"advertiser","required":false,"doNotRemove":true,"name":"Microsoft"}],"cookies":[{"id":888712,"name":"Test1","description":"Test","required":true,"optOut":"my.host.com","host":"my.host.com","duration":180,"category":"First Party"},{"id":888713,"name":"Test 2","description":"Test 2","required":true,"optOut":"","host":"my.host2.com","duration":180,"category":"First Party"}],"name":"Germany","geonameId":"2921044","gpcEnabled":false,"regulationRightsId":2},{"id":2241406,"countryId":141,"regulationConsentTypeId":1,"consentTypeId":3,"privacyAccessTypeId":2,"default":false,"defaultTranslationId":0,"consentRequired":true,"consentDurationMonths":13,"closeConsentEnabled":false,"scrollConsentEnabled":false,"pageclickConsentEnabled":false,"navigateConsentEnabled":false,"l2Enabled":false,"iabEnabled":false,"pubvendorsLink":null,"gdprEnabled":false,"adChoicesEnabled":false,"dataRightsType":0,"dataRightsLink":null,"dataRightsFormEmail":null,"dataRightsDisplayFrame":false,"autoPopEnabled":true,"autoPopThreshold":0,"scanGroupId":320384,"scanCountryId":6,"privacyPolicyLink":null,"consentDetailCategories":true,"consentDetailVendors":false,"regulationId":0,"stateId":null,"privacyPolicyEnabled":false,"cookiePolicyEnabled":false,"cookiePolicyLink":"","vendorDisplayEnabled":true,"dnsEnabled":false,"dnsRightsType":0,"dnsRightsLink":"","dnsRightsFormEmail":"","dnsDisplayFrame":false,"enableAcceptButton":true,"enableDeclineButton":false,"enableOptionsButton":true,"cnilUpdatesEnabled":false,"displayTimeout":0,"vendors":[{"id":0,"vendorId":250,"category":"advertiser","required":false,"doNotRemove":true,"name":"Microsoft"}],"cookies":[{"id":888714,"name":"Test1","description":"Test","required":true,"optOut":"my.host.com","host":"my.host.com","duration":180,"category":"First Party"},{"id":888715,"name":"Test 2","description":"Test 2","required":true,"optOut":"","host":"my.host2.com","duration":180,"category":"First Party"}],"name":"Gibraltar","geonameId":"2411586","gpcEnabled":false,"regulationRightsId":2},{"id":2241407,"countryId":29,"regulationConsentTypeId":1,"consentTypeId":3,"privacyAccessTypeId":2,"default":false,"defaultTranslationId":0,"consentRequired":true,"consentDurationMonths":13,"closeConsentEnabled":false,"scrollConsentEnabled":false,"pageclickConsentEnabled":false,"navigateConsentEnabled":false,"l2Enabled":true,"iabEnabled":false,"pubvendorsLink":null,"gdprEnabled":false,"adChoicesEnabled":false,"dataRightsType":0,"dataRightsLink":null,"dataRightsFormEmail":null,"dataRightsDisplayFrame":false,"autoPopEnabled":true,"autoPopThreshold":0,"scanGroupId":320384,"scanCountryId":6,"privacyPolicyLink":null,"consentDetailCategories":true,"consentDetailVendors":false,"regulationId":0,"stateId":null,"privacyPolicyEnabled":false,"cookiePolicyEnabled":false,"cookiePolicyLink":"","vendorDisplayEnabled":true,"dnsEnabled":false,"dnsRightsType":0,"dnsRightsLink":"","dnsRightsFormEmail":"","dnsDisplayFrame":false,"enableAcceptButton":true,"enableDeclineButton":false,"enableOptionsButton":true,"cnilUpdatesEnabled":false,"displayTimeout":0,"vendors":[{"id":0,"vendorId":250,"category":"advertiser","required":false,"doNotRemove":true,"name":"Microsoft"}],"cookies":[{"id":888716,"name":"Test1","description":"Test","required":true,"optOut":"my.host.com","host":"my.host.com","duration":180,"category":"First Party"},{"id":888717,"name":"Test 2","description":"Test 2","required":true,"optOut":"","host":"my.host2.com","duration":180,"category":"First Party"}],"name":"Greece","geonameId":"390903","gpcEnabled":false,"regulationRightsId":2},{"id":2241408,"countryId":24,"regulationConsentTypeId":1,"consentTypeId":3,"privacyAccessTypeId":2,"default":false,"defaultTranslationId":0,"consentRequired":true,"consentDurationMonths":13,"closeConsentEnabled":false,"scrollConsentEnabled":false,"pageclickConsentEnabled":false,"navigateConsentEnabled":false,"l2Enabled":true,"iabEnabled":false,"pubvendorsLink":null,"gdprEnabled":false,"adChoicesEnabled":false,"dataRightsType":0,"dataRightsLink":null,"dataRightsFormEmail":null,"dataRightsDisplayFrame":false,"autoPopEnabled":true,"autoPopThreshold":0,"scanGroupId":320384,"scanCountryId":6,"privacyPolicyLink":null,"consentDetailCategories":true,"consentDetailVendors":false,"regulationId":0,"stateId":null,"privacyPolicyEnabled":false,"cookiePolicyEnabled":false,"cookiePolicyLink":"","vendorDisplayEnabled":true,"dnsEnabled":false,"dnsRightsType":0,"dnsRightsLink":"","dnsRightsFormEmail":"","dnsDisplayFrame":false,"enableAcceptButton":true,"enableDeclineButton":false,"enableOptionsButton":true,"cnilUpdatesEnabled":false,"displayTimeout":0,"vendors":[{"id":0,"vendorId":250,"category":"advertiser","required":false,"doNotRemove":true,"name":"Microsoft"}],"cookies":[{"id":888718,"name":"Test1","description":"Test","required":true,"optOut":"my.host.com","host":"my.host.com","duration":180,"category":"First Party"},{"id":888719,"name":"Test 2","description":"Test 2","required":true,"optOut":"","host":"my.host2.com","duration":180,"category":"First Party"}],"name":"Hungary","geonameId":"719819","gpcEnabled":false,"regulationRightsId":2},{"id":2241409,"countryId":16,"regulationConsentTypeId":1,"consentTypeId":3,"privacyAccessTypeId":2,"default":false,"defaultTranslationId":0,"consentRequired":true,"consentDurationMonths":13,"closeConsentEnabled":false,"scrollConsentEnabled":false,"pageclickConsentEnabled":false,"navigateConsentEnabled":false,"l2Enabled":true,"iabEnabled":false,"pubvendorsLink":null,"gdprEnabled":false,"adChoicesEnabled":false,"dataRightsType":0,"dataRightsLink":null,"dataRightsFormEmail":null,"dataRightsDisplayFrame":false,"autoPopEnabled":true,"autoPopThreshold":0,"scanGroupId":320384,"scanCountryId":6,"privacyPolicyLink":null,"consentDetailCategories":true,"consentDetailVendors":false,"regulationId":0,"stateId":null,"privacyPolicyEnabled":false,"cookiePolicyEnabled":false,"cookiePolicyLink":"","vendorDisplayEnabled":true,"dnsEnabled":false,"dnsRightsType":0,"dnsRightsLink":"","dnsRightsFormEmail":"","dnsDisplayFrame":false,"enableAcceptButton":true,"enableDeclineButton":false,"enableOptionsButton":true,"cnilUpdatesEnabled":false,"displayTimeout":0,"vendors":[{"id":0,"vendorId":250,"category":"advertiser","required":false,"doNotRemove":true,"name":"Microsoft"}],"cookies":[{"id":888720,"name":"Test1","description":"Test","required":true,"optOut":"my.host.com","host":"my.host.com","duration":180,"category":"First Party"},{"id":888721,"name":"Test 2","description":"Test 2","required":true,"optOut":"","host":"my.host2.com","duration":180,"category":"First Party"}],"name":"Ireland","geonameId":"2963597","gpcEnabled":false,"regulationRightsId":2},{"id":2241410,"countryId":133,"regulationConsentTypeId":1,"consentTypeId":3,"privacyAccessTypeId":2,"default":false,"defaultTranslationId":0,"consentRequired":true,"consentDurationMonths":13,"closeConsentEnabled":false,"scrollConsentEnabled":false,"pageclickConsentEnabled":false,"navigateConsentEnabled":false,"l2Enabled":false,"iabEnabled":false,"pubvendorsLink":null,"gdprEnabled":false,"adChoicesEnabled":false,"dataRightsType":0,"dataRightsLink":null,"dataRightsFormEmail":null,"dataRightsDisplayFrame":false,"autoPopEnabled":true,"autoPopThreshold":0,"scanGroupId":320384,"scanCountryId":6,"privacyPolicyLink":null,"consentDetailCategories":true,"consentDetailVendors":false,"regulationId":0,"stateId":null,"privacyPolicyEnabled":false,"cookiePolicyEnabled":false,"cookiePolicyLink":"","vendorDisplayEnabled":true,"dnsEnabled":false,"dnsRightsType":0,"dnsRightsLink":"","dnsRightsFormEmail":"","dnsDisplayFrame":false,"enableAcceptButton":true,"enableDeclineButton":false,"enableOptionsButton":true,"cnilUpdatesEnabled":false,"displayTimeout":0,"vendors":[{"id":0,"vendorId":250,"category":"advertiser","required":false,"doNotRemove":true,"name":"Microsoft"}],"cookies":[{"id":888722,"name":"Test1","description":"Test","required":true,"optOut":"my.host.com","host":"my.host.com","duration":180,"category":"First Party"},{"id":888723,"name":"Test 2","description":"Test 2","required":true,"optOut":"","host":"my.host2.com","duration":180,"category":"First Party"}],"name":"Isle of Man","geonameId":"3042225","gpcEnabled":false,"regulationRightsId":2},{"id":2241411,"countryId":7,"regulationConsentTypeId":1,"consentTypeId":3,"privacyAccessTypeId":2,"default":false,"defaultTranslationId":0,"consentRequired":true,"consentDurationMonths":13,"closeConsentEnabled":false,"scrollConsentEnabled":false,"pageclickConsentEnabled":false,"navigateConsentEnabled":false,"l2Enabled":true,"iabEnabled":false,"pubvendorsLink":null,"gdprEnabled":false,"adChoicesEnabled":false,"dataRightsType":0,"dataRightsLink":null,"dataRightsFormEmail":null,"dataRightsDisplayFrame":false,"autoPopEnabled":true,"autoPopThreshold":0,"scanGroupId":320384,"scanCountryId":6,"privacyPolicyLink":null,"consentDetailCategories":true,"consentDetailVendors":false,"regulationId":0,"stateId":null,"privacyPolicyEnabled":false,"cookiePolicyEnabled":false,"cookiePolicyLink":"","vendorDisplayEnabled":true,"dnsEnabled":false,"dnsRightsType":0,"dnsRightsLink":"","dnsRightsFormEmail":"","dnsDisplayFrame":false,"enableAcceptButton":true,"enableDeclineButton":false,"enableOptionsButton":true,"cnilUpdatesEnabled":false,"displayTimeout":0,"vendors":[{"id":0,"vendorId":250,"category":"advertiser","required":false,"doNotRemove":true,"name":"Microsoft"}],"cookies":[{"id":888724,"name":"Test1","description":"Test","required":true,"optOut":"my.host.com","host":"my.host.com","duration":180,"category":"First Party"},{"id":888725,"name":"Test 2","description":"Test 2","required":true,"optOut":"","host":"my.host2.com","duration":180,"category":"First Party"}],"name":"Italy","geonameId":"3175395","gpcEnabled":false,"regulationRightsId":2},{"id":2241412,"countryId":136,"regulationConsentTypeId":1,"consentTypeId":3,"privacyAccessTypeId":2,"default":false,"defaultTranslationId":0,"consentRequired":true,"consentDurationMonths":13,"closeConsentEnabled":false,"scrollConsentEnabled":false,"pageclickConsentEnabled":false,"navigateConsentEnabled":false,"l2Enabled":false,"iabEnabled":false,"pubvendorsLink":null,"gdprEnabled":false,"adChoicesEnabled":false,"dataRightsType":0,"dataRightsLink":null,"dataRightsFormEmail":null,"dataRightsDisplayFrame":false,"autoPopEnabled":true,"autoPopThreshold":0,"scanGroupId":320384,"scanCountryId":6,"privacyPolicyLink":null,"consentDetailCategories":true,"consentDetailVendors":false,"regulationId":0,"stateId":null,"privacyPolicyEnabled":false,"cookiePolicyEnabled":false,"cookiePolicyLink":"","vendorDisplayEnabled":true,"dnsEnabled":false,"dnsRightsType":0,"dnsRightsLink":"","dnsRightsFormEmail":"","dnsDisplayFrame":false,"enableAcceptButton":true,"enableDeclineButton":false,"enableOptionsButton":true,"cnilUpdatesEnabled":false,"displayTimeout":0,"vendors":[{"id":0,"vendorId":250,"category":"advertiser","required":false,"doNotRemove":true,"name":"Microsoft"}],"cookies":[{"id":888726,"name":"Test1","description":"Test","required":true,"optOut":"my.host.com","host":"my.host.com","duration":180,"category":"First Party"},{"id":888727,"name":"Test 2","description":"Test 2","required":true,"optOut":"","host":"my.host2.com","duration":180,"category":"First Party"}],"name":"Jersey","geonameId":"3042142","gpcEnabled":false,"regulationRightsId":2},{"id":2241413,"countryId":33,"regulationConsentTypeId":1,"consentTypeId":3,"privacyAccessTypeId":2,"default":false,"defaultTranslationId":0,"consentRequired":true,"consentDurationMonths":13,"closeConsentEnabled":false,"scrollConsentEnabled":false,"pageclickConsentEnabled":false,"navigateConsentEnabled":false,"l2Enabled":true,"iabEnabled":false,"pubvendorsLink":null,"gdprEnabled":false,"adChoicesEnabled":false,"dataRightsType":0,"dataRightsLink":null,"dataRightsFormEmail":null,"dataRightsDisplayFrame":false,"autoPopEnabled":true,"autoPopThreshold":0,"scanGroupId":320384,"scanCountryId":6,"privacyPolicyLink":null,"consentDetailCategories":true,"consentDetailVendors":false,"regulationId":0,"stateId":null,"privacyPolicyEnabled":false,"cookiePolicyEnabled":false,"cookiePolicyLink":"","vendorDisplayEnabled":true,"dnsEnabled":false,"dnsRightsType":0,"dnsRightsLink":"","dnsRightsFormEmail":"","dnsDisplayFrame":false,"enableAcceptButton":true,"enableDeclineButton":false,"enableOptionsButton":true,"cnilUpdatesEnabled":false,"displayTimeout":0,"vendors":[{"id":0,"vendorId":250,"category":"advertiser","required":false,"doNotRemove":true,"name":"Microsoft"}],"cookies":[{"id":888728,"name":"Test1","description":"Test","required":true,"optOut":"my.host.com","host":"my.host.com","duration":180,"category":"First Party"},{"id":888729,"name":"Test 2","description":"Test 2","required":true,"optOut":"","host":"my.host2.com","duration":180,"category":"First Party"}],"name":"Latvia","geonameId":"458258","gpcEnabled":false,"regulationRightsId":2},{"id":2241414,"countryId":34,"regulationConsentTypeId":1,"consentTypeId":3,"privacyAccessTypeId":2,"default":false,"defaultTranslationId":0,"consentRequired":true,"consentDurationMonths":13,"closeConsentEnabled":false,"scrollConsentEnabled":false,"pageclickConsentEnabled":false,"navigateConsentEnabled":false,"l2Enabled":true,"iabEnabled":false,"pubvendorsLink":null,"gdprEnabled":false,"adChoicesEnabled":false,"dataRightsType":0,"dataRightsLink":null,"dataRightsFormEmail":null,"dataRightsDisplayFrame":false,"autoPopEnabled":true,"autoPopThreshold":0,"scanGroupId":320384,"scanCountryId":6,"privacyPolicyLink":null,"consentDetailCategories":true,"consentDetailVendors":false,"regulationId":0,"stateId":null,"privacyPolicyEnabled":false,"cookiePolicyEnabled":false,"cookiePolicyLink":"","vendorDisplayEnabled":true,"dnsEnabled":false,"dnsRightsType":0,"dnsRightsLink":"","dnsRightsFormEmail":"","dnsDisplayFrame":false,"enableAcceptButton":true,"enableDeclineButton":false,"enableOptionsButton":true,"cnilUpdatesEnabled":false,"displayTimeout":0,"vendors":[{"id":0,"vendorId":250,"category":"advertiser","required":false,"doNotRemove":true,"name":"Microsoft"}],"cookies":[{"id":888730,"name":"Test1","description":"Test","required":true,"optOut":"my.host.com","host":"my.host.com","duration":180,"category":"First Party"},{"id":888731,"name":"Test 2","description":"Test 2","required":true,"optOut":"","host":"my.host2.com","duration":180,"category":"First Party"}],"name":"Lithuania","geonameId":"597427","gpcEnabled":false,"regulationRightsId":2},{"id":2241415,"countryId":28,"regulationConsentTypeId":1,"consentTypeId":3,"privacyAccessTypeId":2,"default":false,"defaultTranslationId":0,"consentRequired":true,"consentDurationMonths":13,"closeConsentEnabled":false,"scrollConsentEnabled":false,"pageclickConsentEnabled":false,"navigateConsentEnabled":false,"l2Enabled":true,"iabEnabled":false,"pubvendorsLink":null,"gdprEnabled":false,"adChoicesEnabled":false,"dataRightsType":0,"dataRightsLink":null,"dataRightsFormEmail":null,"dataRightsDisplayFrame":false,"autoPopEnabled":true,"autoPopThreshold":0,"scanGroupId":320384,"scanCountryId":6,"privacyPolicyLink":null,"consentDetailCategories":true,"consentDetailVendors":false,"regulationId":0,"stateId":null,"privacyPolicyEnabled":false,"cookiePolicyEnabled":false,"cookiePolicyLink":"","vendorDisplayEnabled":true,"dnsEnabled":false,"dnsRightsType":0,"dnsRightsLink":"","dnsRightsFormEmail":"","dnsDisplayFrame":false,"enableAcceptButton":true,"enableDeclineButton":false,"enableOptionsButton":true,"cnilUpdatesEnabled":false,"displayTimeout":0,"vendors":[{"id":0,"vendorId":250,"category":"advertiser","required":false,"doNotRemove":true,"name":"Microsoft"}],"cookies":[{"id":888732,"name":"Test1","description":"Test","required":true,"optOut":"my.host.com","host":"my.host.com","duration":180,"category":"First Party"},{"id":888733,"name":"Test 2","description":"Test 2","required":true,"optOut":"","host":"my.host2.com","duration":180,"category":"First Party"}],"name":"Luxembourg","geonameId":"2960313","gpcEnabled":false,"regulationRightsId":2},{"id":2241416,"countryId":36,"regulationConsentTypeId":1,"consentTypeId":3,"privacyAccessTypeId":2,"default":false,"defaultTranslationId":0,"consentRequired":true,"consentDurationMonths":13,"closeConsentEnabled":false,"scrollConsentEnabled":false,"pageclickConsentEnabled":false,"navigateConsentEnabled":false,"l2Enabled":true,"iabEnabled":false,"pubvendorsLink":null,"gdprEnabled":false,"adChoicesEnabled":false,"dataRightsType":0,"dataRightsLink":null,"dataRightsFormEmail":null,"dataRightsDisplayFrame":false,"autoPopEnabled":true,"autoPopThreshold":0,"scanGroupId":320384,"scanCountryId":6,"privacyPolicyLink":null,"consentDetailCategories":true,"consentDetailVendors":false,"regulationId":0,"stateId":null,"privacyPolicyEnabled":false,"cookiePolicyEnabled":false,"cookiePolicyLink":"","vendorDisplayEnabled":true,"dnsEnabled":false,"dnsRightsType":0,"dnsRightsLink":"","dnsRightsFormEmail":"","dnsDisplayFrame":false,"enableAcceptButton":true,"enableDeclineButton":false,"enableOptionsButton":true,"cnilUpdatesEnabled":false,"displayTimeout":0,"vendors":[{"id":0,"vendorId":250,"category":"advertiser","required":false,"doNotRemove":true,"name":"Microsoft"}],"cookies":[{"id":888734,"name":"Test1","description":"Test","required":true,"optOut":"my.host.com","host":"my.host.com","duration":180,"category":"First Party"},{"id":888735,"name":"Test 2","description":"Test 2","required":true,"optOut":"","host":"my.host2.com","duration":180,"category":"First Party"}],"name":"Malta","geonameId":"2562770","gpcEnabled":false,"regulationRightsId":2},{"id":2241417,"countryId":8,"regulationConsentTypeId":1,"consentTypeId":3,"privacyAccessTypeId":2,"default":false,"defaultTranslationId":0,"consentRequired":true,"consentDurationMonths":13,"closeConsentEnabled":false,"scrollConsentEnabled":false,"pageclickConsentEnabled":false,"navigateConsentEnabled":false,"l2Enabled":true,"iabEnabled":false,"pubvendorsLink":null,"gdprEnabled":false,"adChoicesEnabled":false,"dataRightsType":0,"dataRightsLink":null,"dataRightsFormEmail":null,"dataRightsDisplayFrame":false,"autoPopEnabled":true,"autoPopThreshold":0,"scanGroupId":320384,"scanCountryId":6,"privacyPolicyLink":null,"consentDetailCategories":true,"consentDetailVendors":false,"regulationId":0,"stateId":null,"privacyPolicyEnabled":false,"cookiePolicyEnabled":false,"cookiePolicyLink":"","vendorDisplayEnabled":true,"dnsEnabled":false,"dnsRightsType":0,"dnsRightsLink":"","dnsRightsFormEmail":"","dnsDisplayFrame":false,"enableAcceptButton":true,"enableDeclineButton":false,"enableOptionsButton":true,"cnilUpdatesEnabled":false,"displayTimeout":0,"vendors":[{"id":0,"vendorId":250,"category":"advertiser","required":false,"doNotRemove":true,"name":"Microsoft"}],"cookies":[{"id":888736,"name":"Test1","description":"Test","required":true,"optOut":"my.host.com","host":"my.host.com","duration":180,"category":"First Party"},{"id":888737,"name":"Test 2","description":"Test 2","required":true,"optOut":"","host":"my.host2.com","duration":180,"category":"First Party"}],"name":"Netherlands","geonameId":"2750405","gpcEnabled":false,"regulationRightsId":2},{"id":2241418,"countryId":18,"regulationConsentTypeId":1,"consentTypeId":3,"privacyAccessTypeId":2,"default":false,"defaultTranslationId":0,"consentRequired":true,"consentDurationMonths":13,"closeConsentEnabled":false,"scrollConsentEnabled":false,"pageclickConsentEnabled":false,"navigateConsentEnabled":false,"l2Enabled":true,"iabEnabled":false,"pubvendorsLink":null,"gdprEnabled":false,"adChoicesEnabled":false,"dataRightsType":0,"dataRightsLink":null,"dataRightsFormEmail":null,"dataRightsDisplayFrame":false,"autoPopEnabled":true,"autoPopThreshold":0,"scanGroupId":320384,"scanCountryId":6,"privacyPolicyLink":null,"consentDetailCategories":true,"consentDetailVendors":false,"regulationId":0,"stateId":null,"privacyPolicyEnabled":false,"cookiePolicyEnabled":false,"cookiePolicyLink":"","vendorDisplayEnabled":true,"dnsEnabled":false,"dnsRightsType":0,"dnsRightsLink":"","dnsRightsFormEmail":"","dnsDisplayFrame":false,"enableAcceptButton":true,"enableDeclineButton":false,"enableOptionsButton":true,"cnilUpdatesEnabled":false,"displayTimeout":0,"vendors":[{"id":0,"vendorId":250,"category":"advertiser","required":false,"doNotRemove":true,"name":"Microsoft"}],"cookies":[{"id":888738,"name":"Test1","description":"Test","required":true,"optOut":"my.host.com","host":"my.host.com","duration":180,"category":"First Party"},{"id":888739,"name":"Test 2","description":"Test 2","required":true,"optOut":"","host":"my.host2.com","duration":180,"category":"First Party"}],"name":"Poland","geonameId":"798544","gpcEnabled":false,"regulationRightsId":2},{"id":2241419,"countryId":26,"regulationConsentTypeId":1,"consentTypeId":3,"privacyAccessTypeId":2,"default":false,"defaultTranslationId":0,"consentRequired":true,"consentDurationMonths":13,"closeConsentEnabled":false,"scrollConsentEnabled":false,"pageclickConsentEnabled":false,"navigateConsentEnabled":false,"l2Enabled":true,"iabEnabled":false,"pubvendorsLink":null,"gdprEnabled":false,"adChoicesEnabled":false,"dataRightsType":0,"dataRightsLink":null,"dataRightsFormEmail":null,"dataRightsDisplayFrame":false,"autoPopEnabled":true,"autoPopThreshold":0,"scanGroupId":320384,"scanCountryId":6,"privacyPolicyLink":null,"consentDetailCategories":true,"consentDetailVendors":false,"regulationId":0,"stateId":null,"privacyPolicyEnabled":false,"cookiePolicyEnabled":false,"cookiePolicyLink":"","vendorDisplayEnabled":true,"dnsEnabled":false,"dnsRightsType":0,"dnsRightsLink":"","dnsRightsFormEmail":"","dnsDisplayFrame":false,"enableAcceptButton":true,"enableDeclineButton":false,"enableOptionsButton":true,"cnilUpdatesEnabled":false,"displayTimeout":0,"vendors":[{"id":0,"vendorId":250,"category":"advertiser","required":false,"doNotRemove":true,"name":"Microsoft"}],"cookies":[{"id":888740,"name":"Test1","description":"Test","required":true,"optOut":"my.host.com","host":"my.host.com","duration":180,"category":"First Party"},{"id":888741,"name":"Test 2","description":"Test 2","required":true,"optOut":"","host":"my.host2.com","duration":180,"category":"First Party"}],"name":"Portugal","geonameId":"2264397","gpcEnabled":false,"regulationRightsId":2},{"id":2241420,"countryId":31,"regulationConsentTypeId":1,"consentTypeId":3,"privacyAccessTypeId":2,"default":false,"defaultTranslationId":0,"consentRequired":true,"consentDurationMonths":13,"closeConsentEnabled":false,"scrollConsentEnabled":false,"pageclickConsentEnabled":false,"navigateConsentEnabled":false,"l2Enabled":true,"iabEnabled":false,"pubvendorsLink":null,"gdprEnabled":false,"adChoicesEnabled":false,"dataRightsType":0,"dataRightsLink":null,"dataRightsFormEmail":null,"dataRightsDisplayFrame":false,"autoPopEnabled":true,"autoPopThreshold":0,"scanGroupId":320384,"scanCountryId":6,"privacyPolicyLink":null,"consentDetailCategories":true,"consentDetailVendors":false,"regulationId":0,"stateId":null,"privacyPolicyEnabled":false,"cookiePolicyEnabled":false,"cookiePolicyLink":"","vendorDisplayEnabled":true,"dnsEnabled":false,"dnsRightsType":0,"dnsRightsLink":"","dnsRightsFormEmail":"","dnsDisplayFrame":false,"enableAcceptButton":true,"enableDeclineButton":false,"enableOptionsButton":true,"cnilUpdatesEnabled":false,"displayTimeout":0,"vendors":[{"id":0,"vendorId":250,"category":"advertiser","required":false,"doNotRemove":true,"name":"Microsoft"}],"cookies":[{"id":888742,"name":"Test1","description":"Test","required":true,"optOut":"my.host.com","host":"my.host.com","duration":180,"category":"First Party"},{"id":888743,"name":"Test 2","description":"Test 2","required":true,"optOut":"","host":"my.host2.com","duration":180,"category":"First Party"}],"name":"Romania","geonameId":"798549","gpcEnabled":false,"regulationRightsId":2},{"id":2241421,"countryId":23,"regulationConsentTypeId":1,"consentTypeId":3,"privacyAccessTypeId":2,"default":false,"defaultTranslationId":0,"consentRequired":true,"consentDurationMonths":13,"closeConsentEnabled":false,"scrollConsentEnabled":false,"pageclickConsentEnabled":false,"navigateConsentEnabled":false,"l2Enabled":true,"iabEnabled":false,"pubvendorsLink":null,"gdprEnabled":false,"adChoicesEnabled":false,"dataRightsType":0,"dataRightsLink":null,"dataRightsFormEmail":null,"dataRightsDisplayFrame":false,"autoPopEnabled":true,"autoPopThreshold":0,"scanGroupId":320384,"scanCountryId":6,"privacyPolicyLink":null,"consentDetailCategories":true,"consentDetailVendors":false,"regulationId":0,"stateId":null,"privacyPolicyEnabled":false,"cookiePolicyEnabled":false,"cookiePolicyLink":"","vendorDisplayEnabled":true,"dnsEnabled":false,"dnsRightsType":0,"dnsRightsLink":"","dnsRightsFormEmail":"","dnsDisplayFrame":false,"enableAcceptButton":true,"enableDeclineButton":false,"enableOptionsButton":true,"cnilUpdatesEnabled":false,"displayTimeout":0,"vendors":[{"id":0,"vendorId":250,"category":"advertiser","required":false,"doNotRemove":true,"name":"Microsoft"}],"cookies":[{"id":888744,"name":"Test1","description":"Test","required":true,"optOut":"my.host.com","host":"my.host.com","duration":180,"category":"First Party"},{"id":888745,"name":"Test 2","description":"Test 2","required":true,"optOut":"","host":"my.host2.com","duration":180,"category":"First Party"}],"name":"Slovakia","geonameId":"3057568","gpcEnabled":false,"regulationRightsId":2},{"id":2241422,"countryId":35,"regulationConsentTypeId":1,"consentTypeId":3,"privacyAccessTypeId":2,"default":false,"defaultTranslationId":0,"consentRequired":true,"consentDurationMonths":13,"closeConsentEnabled":false,"scrollConsentEnabled":false,"pageclickConsentEnabled":false,"navigateConsentEnabled":false,"l2Enabled":true,"iabEnabled":false,"pubvendorsLink":null,"gdprEnabled":false,"adChoicesEnabled":false,"dataRightsType":0,"dataRightsLink":null,"dataRightsFormEmail":null,"dataRightsDisplayFrame":false,"autoPopEnabled":true,"autoPopThreshold":0,"scanGroupId":320384,"scanCountryId":6,"privacyPolicyLink":null,"consentDetailCategories":true,"consentDetailVendors":false,"regulationId":0,"stateId":null,"privacyPolicyEnabled":false,"cookiePolicyEnabled":false,"cookiePolicyLink":"","vendorDisplayEnabled":true,"dnsEnabled":false,"dnsRightsType":0,"dnsRightsLink":"","dnsRightsFormEmail":"","dnsDisplayFrame":false,"enableAcceptButton":true,"enableDeclineButton":false,"enableOptionsButton":true,"cnilUpdatesEnabled":false,"displayTimeout":0,"vendors":[{"id":0,"vendorId":250,"category":"advertiser","required":false,"doNotRemove":true,"name":"Microsoft"}],"cookies":[{"id":888746,"name":"Test1","description":"Test","required":true,"optOut":"my.host.com","host":"my.host.com","duration":180,"category":"First Party"},{"id":888747,"name":"Test 2","description":"Test 2","required":true,"optOut":"","host":"my.host2.com","duration":180,"category":"First Party"}],"name":"Slovenia","geonameId":"3190538","gpcEnabled":false,"regulationRightsId":2},{"id":2241423,"countryId":4,"regulationConsentTypeId":1,"consentTypeId":3,"privacyAccessTypeId":2,"default":false,"defaultTranslationId":0,"consentRequired":true,"consentDurationMonths":13,"closeConsentEnabled":false,"scrollConsentEnabled":false,"pageclickConsentEnabled":false,"navigateConsentEnabled":false,"l2Enabled":true,"iabEnabled":false,"pubvendorsLink":null,"gdprEnabled":false,"adChoicesEnabled":false,"dataRightsType":0,"dataRightsLink":null,"dataRightsFormEmail":null,"dataRightsDisplayFrame":false,"autoPopEnabled":true,"autoPopThreshold":0,"scanGroupId":320384,"scanCountryId":6,"privacyPolicyLink":null,"consentDetailCategories":true,"consentDetailVendors":false,"regulationId":0,"stateId":null,"privacyPolicyEnabled":false,"cookiePolicyEnabled":false,"cookiePolicyLink":"","vendorDisplayEnabled":true,"dnsEnabled":false,"dnsRightsType":0,"dnsRightsLink":"","dnsRightsFormEmail":"","dnsDisplayFrame":false,"enableAcceptButton":true,"enableDeclineButton":false,"enableOptionsButton":true,"cnilUpdatesEnabled":false,"displayTimeout":0,"vendors":[{"id":0,"vendorId":250,"category":"advertiser","required":false,"doNotRemove":true,"name":"Microsoft"}],"cookies":[{"id":888748,"name":"Test1","description":"Test","required":true,"optOut":"my.host.com","host":"my.host.com","duration":180,"category":"First Party"},{"id":888749,"name":"Test 2","description":"Test 2","required":true,"optOut":"","host":"my.host2.com","duration":180,"category":"First Party"}],"name":"Spain","geonameId":"2510769","gpcEnabled":false,"regulationRightsId":2},{"id":2241424,"countryId":22,"regulationConsentTypeId":1,"consentTypeId":3,"privacyAccessTypeId":2,"default":false,"defaultTranslationId":0,"consentRequired":true,"consentDurationMonths":13,"closeConsentEnabled":false,"scrollConsentEnabled":false,"pageclickConsentEnabled":false,"navigateConsentEnabled":false,"l2Enabled":true,"iabEnabled":false,"pubvendorsLink":null,"gdprEnabled":false,"adChoicesEnabled":false,"dataRightsType":0,"dataRightsLink":null,"dataRightsFormEmail":null,"dataRightsDisplayFrame":false,"autoPopEnabled":true,"autoPopThreshold":0,"scanGroupId":320384,"scanCountryId":6,"privacyPolicyLink":null,"consentDetailCategories":true,"consentDetailVendors":false,"regulationId":0,"stateId":null,"privacyPolicyEnabled":false,"cookiePolicyEnabled":false,"cookiePolicyLink":"","vendorDisplayEnabled":true,"dnsEnabled":false,"dnsRightsType":0,"dnsRightsLink":"","dnsRightsFormEmail":"","dnsDisplayFrame":false,"enableAcceptButton":true,"enableDeclineButton":false,"enableOptionsButton":true,"cnilUpdatesEnabled":false,"displayTimeout":0,"vendors":[{"id":0,"vendorId":250,"category":"advertiser","required":false,"doNotRemove":true,"name":"Microsoft"}],"cookies":[{"id":888750,"name":"Test1","description":"Test","required":true,"optOut":"my.host.com","host":"my.host.com","duration":180,"category":"First Party"},{"id":888751,"name":"Test 2","description":"Test 2","required":true,"optOut":"","host":"my.host2.com","duration":180,"category":"First Party"}],"name":"Sweden","geonameId":"2661886","gpcEnabled":false,"regulationRightsId":2},{"id":2241425,"countryId":6,"regulationConsentTypeId":1,"consentTypeId":3,"privacyAccessTypeId":2,"default":false,"defaultTranslationId":0,"consentRequired":true,"consentDurationMonths":13,"closeConsentEnabled":false,"scrollConsentEnabled":false,"pageclickConsentEnabled":false,"navigateConsentEnabled":false,"l2Enabled":true,"iabEnabled":false,"pubvendorsLink":null,"gdprEnabled":false,"adChoicesEnabled":false,"dataRightsType":0,"dataRightsLink":null,"dataRightsFormEmail":null,"dataRightsDisplayFrame":false,"autoPopEnabled":true,"autoPopThreshold":0,"scanGroupId":320384,"scanCountryId":6,"privacyPolicyLink":null,"consentDetailCategories":true,"consentDetailVendors":false,"regulationId":0,"stateId":null,"privacyPolicyEnabled":false,"cookiePolicyEnabled":false,"cookiePolicyLink":"","vendorDisplayEnabled":true,"dnsEnabled":false,"dnsRightsType":0,"dnsRightsLink":"","dnsRightsFormEmail":"","dnsDisplayFrame":false,"enableAcceptButton":true,"enableDeclineButton":false,"enableOptionsButton":true,"cnilUpdatesEnabled":false,"displayTimeout":0,"vendors":[{"id":0,"vendorId":250,"category":"advertiser","required":false,"doNotRemove":true,"name":"Microsoft"}],"cookies":[{"id":888752,"name":"Test1","description":"Test","required":true,"optOut":"my.host.com","host":"my.host.com","duration":180,"category":"First Party"},{"id":888753,"name":"Test 2","description":"Test 2","required":true,"optOut":"","host":"my.host2.com","duration":180,"category":"First Party"}],"name":"United Kingdom","geonameId":"2635167","gpcEnabled":false,"regulationRightsId":2}],"translations":[{"id":0,"companyTranslationId":71256,"default":false,"name":"Dutch","languageCode":"nl","languageId":1},{"id":0,"companyTranslationId":71257,"default":false,"name":"English","languageCode":"en-gb","languageId":2},{"id":0,"companyTranslationId":71258,"default":true,"name":"English","languageCode":"en-us","languageId":3},{"id":0,"companyTranslationId":71259,"default":false,"name":"French","languageCode":"fr","languageId":4},{"id":0,"companyTranslationId":71260,"default":false,"name":"German","languageCode":"de","languageId":5},{"id":0,"companyTranslationId":71261,"default":false,"name":"Italian","languageCode":"it","languageId":6},{"id":0,"companyTranslationId":71262,"default":false,"name":"Spanish","languageCode":"es","languageId":7},{"id":0,"companyTranslationId":71263,"default":false,"name":"Danish","languageCode":"da","languageId":8},{"id":0,"companyTranslationId":71264,"default":false,"name":"Norwegian","languageCode":"no","languageId":9},{"id":0,"companyTranslationId":71265,"default":false,"name":"Polish","languageCode":"pl","languageId":10},{"id":0,"companyTranslationId":71266,"default":false,"name":"Swedish","languageCode":"sv","languageId":11},{"id":0,"companyTranslationId":71267,"default":false,"name":"Slovak","languageCode":"sk","languageId":12},{"id":0,"companyTranslationId":71268,"default":false,"name":"Hungarian","languageCode":"hu","languageId":13},{"id":0,"companyTranslationId":71269,"default":false,"name":"Swiss German","languageCode":"de-ch","languageId":20},{"id":0,"companyTranslationId":71270,"default":false,"name":"Swiss French","languageCode":"fr-ch","languageId":21},{"id":0,"companyTranslationId":71271,"default":false,"name":"Flemish","languageCode":"nl-be","languageId":22},{"id":0,"companyTranslationId":71272,"default":false,"name":"Spanish","languageCode":"es-us","languageId":24},{"id":0,"companyTranslationId":71273,"default":false,"name":"Finnish","languageCode":"fi","languageId":25},{"id":0,"companyTranslationId":71274,"default":false,"name":"Portuguese","languageCode":"pt","languageId":26},{"id":0,"companyTranslationId":71275,"default":false,"name":"Portuguese Brazil","languageCode":"pt-br","languageId":27},{"id":0,"companyTranslationId":71276,"default":false,"name":"Czech","languageCode":"cs","languageId":28},{"id":0,"companyTranslationId":71277,"default":false,"name":"Greek","languageCode":"el","languageId":29},{"id":0,"companyTranslationId":71278,"default":false,"name":"Bulgarian","languageCode":"bg","languageId":30},{"id":0,"companyTranslationId":71279,"default":false,"name":"Romanian","languageCode":"ro","languageId":31},{"id":0,"companyTranslationId":71280,"default":false,"name":"Estonian","languageCode":"et","languageId":32},{"id":0,"companyTranslationId":71281,"default":false,"name":"Latvian","languageCode":"lv","languageId":33},{"id":0,"companyTranslationId":71282,"default":false,"name":"Lithuanian","languageCode":"lt","languageId":34},{"id":0,"companyTranslationId":71283,"default":false,"name":"Slovenian","languageCode":"sl","languageId":35},{"id":0,"companyTranslationId":71284,"default":false,"name":"Maltese","languageCode":"mt","languageId":36},{"id":0,"companyTranslationId":71285,"default":false,"name":"Icelandic","languageCode":"is","languageId":37},{"id":0,"companyTranslationId":71286,"default":false,"name":"Russian","languageCode":"ru","languageId":38},{"id":0,"companyTranslationId":71287,"default":false,"name":"Turkish","languageCode":"tr","languageId":39},{"id":0,"companyTranslationId":71288,"default":false,"name":"Arabic","languageCode":"ar","languageId":40},{"id":0,"companyTranslationId":71289,"default":false,"name":"Hebrew","languageCode":"he","languageId":41},{"id":0,"companyTranslationId":71290,"default":false,"name":"Canadian French","languageCode":"fr-ca","languageId":42},{"id":0,"companyTranslationId":71291,"default":false,"name":"Simplified Chinese","languageCode":"zh-cn","languageId":43},{"id":0,"companyTranslationId":71292,"default":false,"name":"Traditional Chinese","languageCode":"zh-tw","languageId":44},{"id":0,"companyTranslationId":71293,"default":false,"name":"Korean","languageCode":"ko","languageId":45},{"id":0,"companyTranslationId":71294,"default":false,"name":"Japanese","languageCode":"ja","languageId":46},{"id":0,"companyTranslationId":71295,"default":false,"name":"Austrian German","languageCode":"de-at","languageId":47},{"id":0,"companyTranslationId":71296,"default":false,"name":"Catalan","languageCode":"ca","languageId":48},{"id":0,"companyTranslationId":71297,"default":false,"name":"Croatian","languageCode":"hr","languageId":49},{"id":0,"companyTranslationId":71298,"default":false,"name":"Macedonian","languageCode":"mk","languageId":50},{"id":0,"companyTranslationId":71299,"default":false,"name":"Serbian","languageCode":"sr","languageId":51},{"id":0,"companyTranslationId":71300,"default":false,"name":"Canadian English","languageCode":"en-ca","languageId":52},{"id":0,"companyTranslationId":71301,"default":false,"name":"Armenian","languageCode":"hy","languageId":53},{"id":0,"companyTranslationId":71302,"default":false,"name":"Indonesian","languageCode":"id","languageId":54},{"id":0,"companyTranslationId":71303,"default":false,"name":"Tagalog","languageCode":"ph","languageId":55},{"id":0,"companyTranslationId":71304,"default":false,"name":"Thai","languageCode":"th","languageId":56},{"id":0,"companyTranslationId":71305,"default":false,"name":"Ukranian","languageCode":"uk","languageId":57},{"id":0,"companyTranslationId":71306,"default":false,"name":"Malay","languageCode":"ms","languageId":58},{"id":0,"companyTranslationId":71307,"default":false,"name":"Egyptian Arabic","languageCode":"ar-eg","languageId":59},{"id":0,"companyTranslationId":71308,"default":false,"name":"Spanish Argentina","languageCode":"es-ar","languageId":60},{"id":0,"companyTranslationId":71309,"default":false,"name":"Georgian","languageCode":"ka","languageId":61},{"id":0,"companyTranslationId":71310,"default":false,"name":"Azerbaijani","languageCode":"az","languageId":62},{"id":0,"companyTranslationId":71311,"default":false,"name":"Vietnamese","languageCode":"vi","languageId":63},{"id":0,"companyTranslationId":109240,"default":false,"name":"Hindi","languageCode":"hi","languageId":64},{"id":0,"companyTranslationId":109241,"default":false,"name":"Bosnian","languageCode":"bs","languageId":65},{"id":0,"companyTranslationId":109242,"default":false,"name":"Bengali","languageCode":"bn","languageId":66}],"templates":[],"stagingNotice":false,"autopopEnabled":true,"tagpopEnabled":false,"divisionName":null,"themeName":null,"consentToolName":null,"countryCount":0,"translationCount":0,"countryNames":null,"translationNames":null,"createdBy":null,"created":"0001-01-01T00:00:00","updatedBy":null,"updated":"0001-01-01T00:00:00"}